0.01,-3.1315926535897933,0.000383112502895978
0.01,-2.931592653589793,0.00023672858092411118
0.01,-2.7315926535897934,0.0003031445735446614
0.01,-2.5315926535897932,0.0004956370892342573
0.01,-2.3315926535897935,0.0004023339463139852
0.01,-2.1315926535897933,0.0003433716594017861
0.01,-1.9315926535897932,-0.000054288202146691306
0.01,-1.7315926535897932,-0.0002121731554280918
0.01,-1.5315926535897932,-0.00006916013083419457
0.01,-1.3315926535897933,-0.0002410077687853493
0.01,-1.1315926535897933,-0.00010507806965879239
0.01,-0.9315926535897932,-0.0003288891346464682
0.01,-0.731592653589793,-0.00037767989351912643
0.01,-0.5315926535897932,-0.0005751032813605767
0.01,-0.33159265358979306,-0.00043743468087894567
0.01,-0.13159265358979333,-0.0004004762094445488
0.01,0.06840734641020685,-0.0005491978915598376
0.01,0.268407346410207,-0.0005153182936123626
0.01,0.46840734641020676,-0.0003429164905442792
0.01,0.6684073464102069,-0.0004056101980123767
0.01,0.8684073464102067,-0.00041415843541901766
0.01,1.0684073464102068,-0.00006564259158464095
0.01,1.268407346410207,-0.00015992038277065287
0.01,1.4684073464102072,-0.00010733560063081252
0.01,1.6684073464102074,0.0002703787992237774
0.01,1.8684073464102067,0.0006648959981393043
0.01,2.068407346410207,0.00011154595247020102
0.01,2.268407346410207,0.00040695349415499366
0.01,2.468407346410207,0.00040066157675421304
0.01,2.6684073464102074,0.0006607685745640968
0.01,2.8684073464102067,0.0005092086596533447
0.01,3.068407346410207,0.0003960428994968998
0.21000000000000002,-3.1315926535897933,0.010617965322487492
0.21000000000000002,-2.931592653589793,0.011641611487412655
0.21000000000000002,-2.7315926535897934,0.00931033663497067
0.21000000000000002,-2.5315926535897932,0.008919924007335604
0.21000000000000002,-2.3315926535897935,0.006179436262433761
0.21000000000000002,-2.1315926535897933,0.005685774089678476
0.21000000000000002,-1.9315926535897932,0.004851038623558284
0.21000000000000002,-1.7315926535897932,0.0018088285613536287
0.21000000000000002,-1.5315926535897932,0.00025198081505587583
0.21000000000000002,-1.3315926535897933,-0.0036353171581134866
0.21000000000000002,-1.1315926535897933,-0.004758846113865173
0.21000000000000002,-0.9315926535897932,-0.006627270096434106
0.21000000000000002,-0.731592653589793,-0.007805563086915606
0.21000000000000002,-0.5315926535897932,-0.009002332766226397
0.21000000000000002,-0.33159265358979306,-0.00999351576862896
0.21000000000000002,-0.13159265358979333,-0.009631413281288765
0.21000000000000002,0.06840734641020685,-0.010285378174275918
0.21000000000000002,0.268407346410207,-0.011080504725847989
0.21000000000000002,0.46840734641020676,-0.01005482202614953
0.21000000000000002,0.6684073464102069,-0.008597277129431655
0.21000000000000002,0.8684073464102067,-0.007136816206659692
0.21000000000000002,1.0684073464102068,-0.005142528029201469
0.21000000000000002,1.268407346410207,-0.004124975902619657
0.21000000000000002,1.4684073464102072,-0.00023333556151653757
0.21000000000000002,1.6684073464102074,0.00014199384014310264
0.21000000000000002,1.8684073464102067,0.0038520394309124583
0.21000000000000002,2.068407346410207,0.00507389110563804
0.21000000000000002,2.268407346410207,0.0071201202468382935
0.21000000000000002,2.468407346410207,0.008507710245881626
0.21000000000000002,2.6684073464102074,0.009319982957376323
0.21000000000000002,2.8684073464102067,0.010638261017828067
0.21000000000000002,3.068407346410207,0.010166113165571415
0.41000000000000003,-3.1315926535897933,0.01870512421659033
0.41000000000000003,-2.931592653589793,0.01965537621843666
0.41000000000000003,-2.7315926535897934,0.019010238190769666
0.41000000000000003,-2.5315926535897932,0.016306443514844303
0.41000000000000003,-2.3315926535897935,"0.006826555390751473 + 582.0062822479005*NIntegrate[Re[Activate[overlapIntegrand[{{2, 2, 2, 0, 1, 2, 0, 1, 2}[[1]], {2, 2, 2, 0, 1, 2, 0, 1, 2}[[2]], {2, 2, 2, 0, 1, 2, 0, 1, 2}[[3]]}, {{2, 2, 2, 0, 1, 2, 0, 1, 2}[[4]], {2, 2, 2, 0, 1, 2, 0, 1, 2}[[5]], {2, 2, 2, 0, 1, 2, 0, 1, 2}[[6]]}, {{2, 2, 2, 0, 1, 2, 0, 1, 2}[[7]], {2, 2, 2, 0, 1, 2, 0, 1, 2}[[8]], {2, 2, 2, 0, 1, 2, 0, 1, 2}[[9]]}, 0.2, {""C0"", ""D0"", 0., 0., ""C2"", ""D2""} /. Quiet[StringJoin[""m"", ToString[{2, 2, 2, 0, 1, 2, 0, 1, 2}[[1]]], ""n"", ToString[{2, 2, 2, 0, 1, 2, 0, 1, 2}[[2]]], ""l"", ToString[{2, 2, 2, 0, 1, 2, 0, 1, 2}[[3]]]] /. MODES[[1]]], 1., 0, 0, 1, 1, -0.0033 + 5.*SphericalBesselJZero[1, 2], 0.0033 + 5.*SphericalBesselJZero[1, 2], -0.0033 + 5.*SphericalBesselJZero[1, 2], 0.0033 + 5.*SphericalBesselJZero[1, 2], θ, ϕ, {0., 0.41000000000000003, -2.3315926535897935, 0., -0.7853981633974483, 0., 0., -0.7853981633974483, 0.}, 1]]], {θ, 0., Pi}, {ϕ, -Pi, Pi}, Method -> ""LevinRule"", PrecisionGoal -> 0]"
0.41000000000000003,-2.1315926535897933,0.010185521411404106
0.41000000000000003,-1.9315926535897932,0.007364236797835709
0.41000000000000003,-1.7315926535897932,0.0036115489610918095
0.41000000000000003,-1.5315926535897932,-0.0009245052584500747
0.41000000000000003,-1.3315926535897933,-0.00569622418819063
0.41000000000000003,-1.1315926535897933,-0.008991275430183842
0.41000000000000003,-0.9315926535897932,-0.011208320456474399
0.41000000000000003,-0.731592653589793,-0.014154278807131966
0.41000000000000003,-0.5315926535897932,-0.017597951016803736
0.41000000000000003,-0.33159265358979306,-0.01871717641301785
0.41000000000000003,-0.13159265358979333,-0.018734716819334946
0.41000000000000003,0.06840734641020685,-0.018650212196354363
0.41000000000000003,0.268407346410207,-0.019872326330651748
0.41000000000000003,0.46840734641020676,-0.0182466015564738
0.41000000000000003,0.6684073464102069,-0.015445104630951556
0.41000000000000003,0.8684073464102067,-0.012293779957705461
0.41000000000000003,1.0684073464102068,-0.009497466052597667
0.41000000000000003,1.268407346410207,-0.006699447685577659
0.41000000000000003,1.4684073464102072,-0.002346850226253066
0.41000000000000003,1.6684073464102074,0.0024999376403873966
0.41000000000000003,1.8684073464102067,0.0067465631417191205
0.41000000000000003,2.068407346410207,0.009405174252956047
0.41000000000000003,2.268407346410207,0.012206606320409963
0.41000000000000003,2.468407346410207,0.015350675972533142
0.41000000000000003,2.6684073464102074,0.018333418706328552
0.41000000000000003,2.8684073464102067,0.019718737950937655
0.41000000000000003,3.068407346410207,0.018379850249066836
0.6100000000000001,-3.1315926535897933,0.026515783815631664
0.6100000000000001,-2.931592653589793,0.02571188165382829
0.6100000000000001,-2.7315926535897934,0.023665738866003518
0.6100000000000001,-2.5315926535897932,0.020486973778932747
0.6100000000000001,-2.3315926535897935,"0.0101872856333866 + 576.6900074630674*NIntegrate[Re[Activate[overlapIntegrand[{{2, 2, 2, 0, 1, 2, 0, 1, 2}[[1]], {2, 2, 2, 0, 1, 2, 0, 1, 2}[[2]], {2, 2, 2, 0, 1, 2, 0, 1, 2}[[3]]}, {{2, 2, 2, 0, 1, 2, 0, 1, 2}[[4]], {2, 2, 2, 0, 1, 2, 0, 1, 2}[[5]], {2, 2, 2, 0, 1, 2, 0, 1, 2}[[6]]}, {{2, 2, 2, 0, 1, 2, 0, 1, 2}[[7]], {2, 2, 2, 0, 1, 2, 0, 1, 2}[[8]], {2, 2, 2, 0, 1, 2, 0, 1, 2}[[9]]}, 0.2, {""C0"", ""D0"", 0., 0., ""C2"", ""D2""} /. Quiet[StringJoin[""m"", ToString[{2, 2, 2, 0, 1, 2, 0, 1, 2}[[1]]], ""n"", ToString[{2, 2, 2, 0, 1, 2, 0, 1, 2}[[2]]], ""l"", ToString[{2, 2, 2, 0, 1, 2, 0, 1, 2}[[3]]]] /. MODES[[1]]], 1., 0, 0, 1, 1, -0.0033 + 5.*SphericalBesselJZero[1, 2], 0.0033 + 5.*SphericalBesselJZero[1, 2], -0.0033 + 5.*SphericalBesselJZero[1, 2], 0.0033 + 5.*SphericalBesselJZero[1, 2], θ, ϕ, {0., 0.6100000000000001, -2.3315926535897935, 0., -0.7853981633974483, 0., 0., -0.7853981633974483, 0.}, 1]]], {θ, 0., Pi}, {ϕ, -Pi, Pi}, Method -> ""LevinRule"", PrecisionGoal -> 0]"
0.6100000000000001,-2.1315926535897933,0.01322670554412184
0.6100000000000001,-1.9315926535897932,0.009219938712340071
0.6100000000000001,-1.7315926535897932,0.003940277117559946
0.6100000000000001,-1.5315926535897932,-0.0009454659188328843
0.6100000000000001,-1.3315926535897933,-0.005884593097823858
0.6100000000000001,-1.1315926535897933,-0.010533949611331965
0.6100000000000001,-0.9315926535897932,-0.014701740032800708
0.6100000000000001,-0.731592653589793,-0.018765855020028165
0.6100000000000001,-0.5315926535897932,-0.022108005515628647
0.6100000000000001,-0.33159265358979306,-0.02487800195994669
0.6100000000000001,-0.13159265358979333,-0.02581699533967012
0.6100000000000001,0.06840734641020685,-0.026866990618568096
0.6100000000000001,0.268407346410207,-0.02512756593937455
0.6100000000000001,0.46840734641020676,-0.02343880772774324
0.6100000000000001,0.6684073464102069,-0.01980092931831099
0.6100000000000001,0.8684073464102067,-0.01910228367214381
0.6100000000000001,1.0684073464102068,-0.012074470615184987
0.6100000000000001,1.268407346410207,-0.008138861374887276
0.6100000000000001,1.4684073464102072,-0.002969579657165344
0.6100000000000001,1.6684073464102074,0.0030462076742901216
0.6100000000000001,1.8684073464102067,0.007890638125548017
0.6100000000000001,2.068407346410207,0.011816736922377922
0.6100000000000001,2.268407346410207,0.014990670921718335
0.6100000000000001,2.468407346410207,0.0198708893379188
0.6100000000000001,2.6684073464102074,0.022887830739275458
0.6100000000000001,2.8684073464102067,0.02523299035286909
0.6100000000000001,3.068407346410207,0.026550282412348036
0.81,-3.1315926535897933,0.028153031725383162
0.81,-2.931592653589793,0.027062645621036323
0.81,-2.7315926535897934,0.025280424254218135
0.81,-2.5315926535897932,0.022143038925744075
0.81,-2.3315926535897935,"0.012005992519424543 + 579.8321017217187*NIntegrate[Re[Activate[overlapIntegrand[{{2, 2, 2, 0, 1, 2, 0, 1, 2}[[1]], {2, 2, 2, 0, 1, 2, 0, 1, 2}[[2]], {2, 2, 2, 0, 1, 2, 0, 1, 2}[[3]]}, {{2, 2, 2, 0, 1, 2, 0, 1, 2}[[4]], {2, 2, 2, 0, 1, 2, 0, 1, 2}[[5]], {2, 2, 2, 0, 1, 2, 0, 1, 2}[[6]]}, {{2, 2, 2, 0, 1, 2, 0, 1, 2}[[7]], {2, 2, 2, 0, 1, 2, 0, 1, 2}[[8]], {2, 2, 2, 0, 1, 2, 0, 1, 2}[[9]]}, 0.2, {""C0"", ""D0"", 0., 0., ""C2"", ""D2""} /. Quiet[StringJoin[""m"", ToString[{2, 2, 2, 0, 1, 2, 0, 1, 2}[[1]]], ""n"", ToString[{2, 2, 2, 0, 1, 2, 0, 1, 2}[[2]]], ""l"", ToString[{2, 2, 2, 0, 1, 2, 0, 1, 2}[[3]]]] /. MODES[[1]]], 1., 0, 0, 1, 1, -0.0033 + 5.*SphericalBesselJZero[1, 2], 0.0033 + 5.*SphericalBesselJZero[1, 2], -0.0033 + 5.*SphericalBesselJZero[1, 2], 0.0033 + 5.*SphericalBesselJZero[1, 2], θ, ϕ, {0., 0.81, -2.3315926535897935, 0., -0.7853981633974483, 0., 0., -0.7853981633974483, 0.}, 1]]], {θ, 0., Pi}, {ϕ, -Pi, Pi}, Method -> ""LevinRule"", PrecisionGoal -> 0]"
0.81,-2.1315926535897933,0.014338611277500173
0.81,-1.9315926535897932,0.009425078228479667
0.81,-1.7315926535897932,0.004097116626424445
0.81,-1.5315926535897932,-0.0012861931426643948
0.81,-1.3315926535897933,-0.006343396334518048
0.81,-1.1315926535897933,-0.011422101500252472
0.81,-0.9315926535897932,-0.016840208093653785
0.81,-0.731592653589793,-0.01978256917145134
0.81,-0.5315926535897932,-0.023475386395993066
0.81,-0.33159265358979306,-0.025593248815524574
0.81,-0.13159265358979333,-0.02742411019591393
0.81,0.06840734641020685,-0.028041574973312625
0.81,0.268407346410207,-0.026627565060512035
0.81,0.46840734641020676,-0.024429386140583553
0.81,0.6684073464102069,-0.02087818068334314
0.81,0.8684073464102067,-0.021610606035875328
0.81,1.0684073464102068,-0.013044479641463871
0.81,1.268407346410207,-0.007984947978900337
0.81,1.4684073464102072,-0.003111637961106423
0.81,1.6684073464102074,0.002945117842007583
0.81,1.8684073464102067,0.007650194209941221
0.81,2.068407346410207,0.012789554065453058
0.81,2.268407346410207,"0.01548989184324297 + 584.6046295504601*NIntegrate[Re[Activate[overlapIntegrand[{{2, 2, 2, 0, 1, 2, 0, 1, 2}[[1]], {2, 2, 2, 0, 1, 2, 0, 1, 2}[[2]], {2, 2, 2, 0, 1, 2, 0, 1, 2}[[3]]}, {{2, 2, 2, 0, 1, 2, 0, 1, 2}[[4]], {2, 2, 2, 0, 1, 2, 0, 1, 2}[[5]], {2, 2, 2, 0, 1, 2, 0, 1, 2}[[6]]}, {{2, 2, 2, 0, 1, 2, 0, 1, 2}[[7]], {2, 2, 2, 0, 1, 2, 0, 1, 2}[[8]], {2, 2, 2, 0, 1, 2, 0, 1, 2}[[9]]}, 0.2, {""C0"", ""D0"", 0., 0., ""C2"", ""D2""} /. Quiet[StringJoin[""m"", ToString[{2, 2, 2, 0, 1, 2, 0, 1, 2}[[1]]], ""n"", ToString[{2, 2, 2, 0, 1, 2, 0, 1, 2}[[2]]], ""l"", ToString[{2, 2, 2, 0, 1, 2, 0, 1, 2}[[3]]]] /. MODES[[1]]], 1., 0, 0, 1, 1, -0.0033 + 5.*SphericalBesselJZero[1, 2], 0.0033 + 5.*SphericalBesselJZero[1, 2], -0.0033 + 5.*SphericalBesselJZero[1, 2], 0.0033 + 5.*SphericalBesselJZero[1, 2], θ, ϕ, {0., 0.81, 2.268407346410207, 0., -0.7853981633974483, 0., 0., -0.7853981633974483, 0.}, 1]]], {θ, 0., Pi}, {ϕ, -Pi, Pi}, Method -> ""LevinRule"", PrecisionGoal -> 0]"
0.81,2.468407346410207,0.020800301681552464
0.81,2.6684073464102074,0.023977314333399915
0.81,2.8684073464102067,0.025628107024705842
0.81,3.068407346410207,0.027816340600263993
1.01,-3.1315926535897933,0.024496397141038177
1.01,-2.931592653589793,0.024257529238015003
1.01,-2.7315926535897934,0.023120215110034262
1.01,-2.5315926535897932,0.01990005726266004
1.01,-2.3315926535897935,"0.012450611904635934 + 583.4476191485379*NIntegrate[Re[Activate[overlapIntegrand[{{2, 2, 2, 0, 1, 2, 0, 1, 2}[[1]], {2, 2, 2, 0, 1, 2, 0, 1, 2}[[2]], {2, 2, 2, 0, 1, 2, 0, 1, 2}[[3]]}, {{2, 2, 2, 0, 1, 2, 0, 1, 2}[[4]], {2, 2, 2, 0, 1, 2, 0, 1, 2}[[5]], {2, 2, 2, 0, 1, 2, 0, 1, 2}[[6]]}, {{2, 2, 2, 0, 1, 2, 0, 1, 2}[[7]], {2, 2, 2, 0, 1, 2, 0, 1, 2}[[8]], {2, 2, 2, 0, 1, 2, 0, 1, 2}[[9]]}, 0.2, {""C0"", ""D0"", 0., 0., ""C2"", ""D2""} /. Quiet[StringJoin[""m"", ToString[{2, 2, 2, 0, 1, 2, 0, 1, 2}[[1]]], ""n"", ToString[{2, 2, 2, 0, 1, 2, 0, 1, 2}[[2]]], ""l"", ToString[{2, 2, 2, 0, 1, 2, 0, 1, 2}[[3]]]] /. MODES[[1]]], 1., 0, 0, 1, 1, -0.0033 + 5.*SphericalBesselJZero[1, 2], 0.0033 + 5.*SphericalBesselJZero[1, 2], -0.0033 + 5.*SphericalBesselJZero[1, 2], 0.0033 + 5.*SphericalBesselJZero[1, 2], θ, ϕ, {0., 1.01, -2.3315926535897935, 0., -0.7853981633974483, 0., 0., -0.7853981633974483, 0.}, 1]]], {θ, 0., Pi}, {ϕ, -Pi, Pi}, Method -> ""LevinRule"", PrecisionGoal -> 0]"
1.01,-2.1315926535897933,0.007655978093687394
1.01,-1.9315926535897932,0.00847756549278372
1.01,-1.7315926535897932,0.004199874894883064
1.01,-1.5315926535897932,-0.0008953787820466736
1.01,-1.3315926535897933,-0.005649874009246472
1.01,-1.1315926535897933,-0.010189020764736531
1.01,-0.9315926535897932,-0.01902584264959828
1.01,-0.731592653589793,-0.018070151042435173
1.01,-0.5315926535897932,-0.021396716598002564
1.01,-0.33159265358979306,-0.02419907024470286
1.01,-0.13159265358979333,-0.02443888348441593
1.01,0.06840734641020685,-0.02557447821549536
1.01,0.268407346410207,-0.023976476697207955
1.01,0.46840734641020676,-0.02185495775878839
1.01,0.6684073464102069,-0.019156070039684184
1.01,0.8684073464102067,-0.009629425553160017
1.01,1.0684073464102068,-0.010205449121115217
1.01,1.268407346410207,-0.007127641724208765
1.01,1.4684073464102072,-0.002411781609989737
1.01,1.6684073464102074,0.0023430630429994498
1.01,1.8684073464102067,0.007089567708399953
1.01,2.068407346410207,0.007977739383739307
1.01,2.268407346410207,0.013096390678443176
1.01,2.468407346410207,0.01919633546002435
1.01,2.6684073464102074,0.021193149722826512
1.01,2.8684073464102067,0.024154130113509892
1.01,3.068407346410207,0.024314891749833013
1.2100000000000002,-3.1315926535897933,0.01778164754823567
1.2100000000000002,-2.931592653589793,0.017625827238312963
1.2100000000000002,-2.7315926535897934,0.01654366411366684
1.2100000000000002,-2.5315926535897932,0.014563478139939785
1.2100000000000002,-2.3315926535897935,"0.011653202390650753 + 590.9463887752408*NIntegrate[Re[Activate[overlapIntegrand[{{2, 2, 2, 0, 1, 2, 0, 1, 2}[[1]], {2, 2, 2, 0, 1, 2, 0, 1, 2}[[2]], {2, 2, 2, 0, 1, 2, 0, 1, 2}[[3]]}, {{2, 2, 2, 0, 1, 2, 0, 1, 2}[[4]], {2, 2, 2, 0, 1, 2, 0, 1, 2}[[5]], {2, 2, 2, 0, 1, 2, 0, 1, 2}[[6]]}, {{2, 2, 2, 0, 1, 2, 0, 1, 2}[[7]], {2, 2, 2, 0, 1, 2, 0, 1, 2}[[8]], {2, 2, 2, 0, 1, 2, 0, 1, 2}[[9]]}, 0.2, {""C0"", ""D0"", 0., 0., ""C2"", ""D2""} /. Quiet[StringJoin[""m"", ToString[{2, 2, 2, 0, 1, 2, 0, 1, 2}[[1]]], ""n"", ToString[{2, 2, 2, 0, 1, 2, 0, 1, 2}[[2]]], ""l"", ToString[{2, 2, 2, 0, 1, 2, 0, 1, 2}[[3]]]] /. MODES[[1]]], 1., 0, 0, 1, 1, -0.0033 + 5.*SphericalBesselJZero[1, 2], 0.0033 + 5.*SphericalBesselJZero[1, 2], -0.0033 + 5.*SphericalBesselJZero[1, 2], 0.0033 + 5.*SphericalBesselJZero[1, 2], θ, ϕ, {0., 1.2100000000000002, -2.3315926535897935, 0., -0.7853981633974483, 0., 0., -0.7853981633974483, 0.}, 1]]], {θ, 0., Pi}, {ϕ, -Pi, Pi}, Method -> ""LevinRule"", PrecisionGoal -> 0]"
1.2100000000000002,-2.1315926535897933,"0.006812374462784467 + 592.0845668289496*NIntegrate[Re[Activate[overlapIntegrand[{{2, 2, 2, 0, 1, 2, 0, 1, 2}[[1]], {2, 2, 2, 0, 1, 2, 0, 1, 2}[[2]], {2, 2, 2, 0, 1, 2, 0, 1, 2}[[3]]}, {{2, 2, 2, 0, 1, 2, 0, 1, 2}[[4]], {2, 2, 2, 0, 1, 2, 0, 1, 2}[[5]], {2, 2, 2, 0, 1, 2, 0, 1, 2}[[6]]}, {{2, 2, 2, 0, 1, 2, 0, 1, 2}[[7]], {2, 2, 2, 0, 1, 2, 0, 1, 2}[[8]], {2, 2, 2, 0, 1, 2, 0, 1, 2}[[9]]}, 0.2, {""C0"", ""D0"", 0., 0., ""C2"", ""D2""} /. Quiet[StringJoin[""m"", ToString[{2, 2, 2, 0, 1, 2, 0, 1, 2}[[1]]], ""n"", ToString[{2, 2, 2, 0, 1, 2, 0, 1, 2}[[2]]], ""l"", ToString[{2, 2, 2, 0, 1, 2, 0, 1, 2}[[3]]]] /. MODES[[1]]], 1., 0, 0, 1, 1, -0.0033 + 5.*SphericalBesselJZero[1, 2], 0.0033 + 5.*SphericalBesselJZero[1, 2], -0.0033 + 5.*SphericalBesselJZero[1, 2], 0.0033 + 5.*SphericalBesselJZero[1, 2], θ, ϕ, {0., 1.2100000000000002, -2.1315926535897933, 0., -0.7853981633974483, 0., 0., -0.7853981633974483, 0.}, 1]]], {θ, 0., Pi}, {ϕ, -Pi, Pi}, Method -> ""LevinRule"", PrecisionGoal -> 0]"
1.2100000000000002,-1.9315926535897932,0.006413554523004237
1.2100000000000002,-1.7315926535897932,0.0028282962558473916
1.2100000000000002,-1.5315926535897932,-0.0007234278847213947
1.2100000000000002,-1.3315926535897933,-0.004187548840703011
1.2100000000000002,-1.1315926535897933,-0.007234029280633969
1.2100000000000002,-0.9315926535897932,-0.01788921742179235
1.2100000000000002,-0.731592653589793,-0.01332189330994447
1.2100000000000002,-0.5315926535897932,-0.015367624865275537
1.2100000000000002,-0.33159265358979306,-0.01673765633591241
1.2100000000000002,-0.13159265358979333,-0.017980106558459164
1.2100000000000002,0.06840734641020685,-0.01766060537278245
1.2100000000000002,0.268407346410207,-0.01731242256513976
1.2100000000000002,0.46840734641020676,-0.016307492289738088
1.2100000000000002,0.6684073464102069,-0.01407526279386334
1.2100000000000002,0.8684073464102067,-0.006397616102261677
1.2100000000000002,1.0684073464102068,-0.007672266761025543
1.2100000000000002,1.268407346410207,-0.0054830162033280855
1.2100000000000002,1.4684073464102072,-0.0018409830264249209
1.2100000000000002,1.6684073464102074,0.0017603723712867289
1.2100000000000002,1.8684073464102067,0.005363768622953873
1.2100000000000002,2.068407346410207,"0.004057738312752374 + 578.4627412154583*NIntegrate[Re[Activate[overlapIntegrand[{{2, 2, 2, 0, 1, 2, 0, 1, 2}[[1]], {2, 2, 2, 0, 1, 2, 0, 1, 2}[[2]], {2, 2, 2, 0, 1, 2, 0, 1, 2}[[3]]}, {{2, 2, 2, 0, 1, 2, 0, 1, 2}[[4]], {2, 2, 2, 0, 1, 2, 0, 1, 2}[[5]], {2, 2, 2, 0, 1, 2, 0, 1, 2}[[6]]}, {{2, 2, 2, 0, 1, 2, 0, 1, 2}[[7]], {2, 2, 2, 0, 1, 2, 0, 1, 2}[[8]], {2, 2, 2, 0, 1, 2, 0, 1, 2}[[9]]}, 0.2, {""C0"", ""D0"", 0., 0., ""C2"", ""D2""} /. Quiet[StringJoin[""m"", ToString[{2, 2, 2, 0, 1, 2, 0, 1, 2}[[1]]], ""n"", ToString[{2, 2, 2, 0, 1, 2, 0, 1, 2}[[2]]], ""l"", ToString[{2, 2, 2, 0, 1, 2, 0, 1, 2}[[3]]]] /. MODES[[1]]], 1., 0, 0, 1, 1, -0.0033 + 5.*SphericalBesselJZero[1, 2], 0.0033 + 5.*SphericalBesselJZero[1, 2], -0.0033 + 5.*SphericalBesselJZero[1, 2], 0.0033 + 5.*SphericalBesselJZero[1, 2], θ, ϕ, {0., 1.2100000000000002, 2.068407346410207, 0., -0.7853981633974483, 0., 0., -0.7853981633974483, 0.}, 1]]], {θ, 0., Pi}, {ϕ, -Pi, Pi}, Method -> ""LevinRule"", PrecisionGoal -> 0]"
1.2100000000000002,2.268407346410207,"0.010165288931089594 + 596.7587448057797*NIntegrate[Re[Activate[overlapIntegrand[{{2, 2, 2, 0, 1, 2, 0, 1, 2}[[1]], {2, 2, 2, 0, 1, 2, 0, 1, 2}[[2]], {2, 2, 2, 0, 1, 2, 0, 1, 2}[[3]]}, {{2, 2, 2, 0, 1, 2, 0, 1, 2}[[4]], {2, 2, 2, 0, 1, 2, 0, 1, 2}[[5]], {2, 2, 2, 0, 1, 2, 0, 1, 2}[[6]]}, {{2, 2, 2, 0, 1, 2, 0, 1, 2}[[7]], {2, 2, 2, 0, 1, 2, 0, 1, 2}[[8]], {2, 2, 2, 0, 1, 2, 0, 1, 2}[[9]]}, 0.2, {""C0"", ""D0"", 0., 0., ""C2"", ""D2""} /. Quiet[StringJoin[""m"", ToString[{2, 2, 2, 0, 1, 2, 0, 1, 2}[[1]]], ""n"", ToString[{2, 2, 2, 0, 1, 2, 0, 1, 2}[[2]]], ""l"", ToString[{2, 2, 2, 0, 1, 2, 0, 1, 2}[[3]]]] /. MODES[[1]]], 1., 0, 0, 1, 1, -0.0033 + 5.*SphericalBesselJZero[1, 2], 0.0033 + 5.*SphericalBesselJZero[1, 2], -0.0033 + 5.*SphericalBesselJZero[1, 2], 0.0033 + 5.*SphericalBesselJZero[1, 2], θ, ϕ, {0., 1.2100000000000002, 2.268407346410207, 0., -0.7853981633974483, 0., 0., -0.7853981633974483, 0.}, 1]]], {θ, 0., Pi}, {ϕ, -Pi, Pi}, Method -> ""LevinRule"", PrecisionGoal -> 0]"
1.2100000000000002,2.468407346410207,0.013898899412176171
1.2100000000000002,2.6684073464102074,0.016572545278885804
1.2100000000000002,2.8684073464102067,0.017557401936679706
1.2100000000000002,3.068407346410207,0.017823077228318544
1.4100000000000001,-3.1315926535897933,0.008659834526822454
1.4100000000000001,-2.931592653589793,0.008391201810259563
1.4100000000000001,-2.7315926535897934,0.007850753298904532
1.4100000000000001,-2.5315926535897932,0.007256029049623918
1.4100000000000001,-2.3315926535897935,0.00606130241888988
1.4100000000000001,-2.1315926535897933,"0.005455276867846835 + 581.6370199411585*NIntegrate[Re[Activate[overlapIntegrand[{{2, 2, 2, 0, 1, 2, 0, 1, 2}[[1]], {2, 2, 2, 0, 1, 2, 0, 1, 2}[[2]], {2, 2, 2, 0, 1, 2, 0, 1, 2}[[3]]}, {{2, 2, 2, 0, 1, 2, 0, 1, 2}[[4]], {2, 2, 2, 0, 1, 2, 0, 1, 2}[[5]], {2, 2, 2, 0, 1, 2, 0, 1, 2}[[6]]}, {{2, 2, 2, 0, 1, 2, 0, 1, 2}[[7]], {2, 2, 2, 0, 1, 2, 0, 1, 2}[[8]], {2, 2, 2, 0, 1, 2, 0, 1, 2}[[9]]}, 0.2, {""C0"", ""D0"", 0., 0., ""C2"", ""D2""} /. Quiet[StringJoin[""m"", ToString[{2, 2, 2, 0, 1, 2, 0, 1, 2}[[1]]], ""n"", ToString[{2, 2, 2, 0, 1, 2, 0, 1, 2}[[2]]], ""l"", ToString[{2, 2, 2, 0, 1, 2, 0, 1, 2}[[3]]]] /. MODES[[1]]], 1., 0, 0, 1, 1, -0.0033 + 5.*SphericalBesselJZero[1, 2], 0.0033 + 5.*SphericalBesselJZero[1, 2], -0.0033 + 5.*SphericalBesselJZero[1, 2], 0.0033 + 5.*SphericalBesselJZero[1, 2], θ, ϕ, {0., 1.4100000000000001, -2.1315926535897933, 0., -0.7853981633974483, 0., 0., -0.7853981633974483, 0.}, 1]]], {θ, 0., Pi}, {ϕ, -Pi, Pi}, Method -> ""LevinRule"", PrecisionGoal -> 0]"
1.4100000000000001,-1.9315926535897932,"0.0024177352983329567 + 592.9352579334043*NIntegrate[Re[Activate[overlapIntegrand[{{2, 2, 2, 0, 1, 2, 0, 1, 2}[[1]], {2, 2, 2, 0, 1, 2, 0, 1, 2}[[2]], {2, 2, 2, 0, 1, 2, 0, 1, 2}[[3]]}, {{2, 2, 2, 0, 1, 2, 0, 1, 2}[[4]], {2, 2, 2, 0, 1, 2, 0, 1, 2}[[5]], {2, 2, 2, 0, 1, 2, 0, 1, 2}[[6]]}, {{2, 2, 2, 0, 1, 2, 0, 1, 2}[[7]], {2, 2, 2, 0, 1, 2, 0, 1, 2}[[8]], {2, 2, 2, 0, 1, 2, 0, 1, 2}[[9]]}, 0.2, {""C0"", ""D0"", 0., 0., ""C2"", ""D2""} /. Quiet[StringJoin[""m"", ToString[{2, 2, 2, 0, 1, 2, 0, 1, 2}[[1]]], ""n"", ToString[{2, 2, 2, 0, 1, 2, 0, 1, 2}[[2]]], ""l"", ToString[{2, 2, 2, 0, 1, 2, 0, 1, 2}[[3]]]] /. MODES[[1]]], 1., 0, 0, 1, 1, -0.0033 + 5.*SphericalBesselJZero[1, 2], 0.0033 + 5.*SphericalBesselJZero[1, 2], -0.0033 + 5.*SphericalBesselJZero[1, 2], 0.0033 + 5.*SphericalBesselJZero[1, 2], θ, ϕ, {0., 1.4100000000000001, -1.9315926535897932, 0., -0.7853981633974483, 0., 0., -0.7853981633974483, 0.}, 1]]], {θ, 0., Pi}, {ϕ, -Pi, Pi}, Method -> ""LevinRule"", PrecisionGoal -> 0]"
1.4100000000000001,-1.7315926535897932,0.0015490764905697829
1.4100000000000001,-1.5315926535897932,-0.0007919423789112132
1.4100000000000001,-1.3315926535897933,-0.0019730162581990483
1.4100000000000001,-1.1315926535897933,-0.0019216444779427814
1.4100000000000001,-0.9315926535897932,-0.011852719004514435
1.4100000000000001,-0.731592653589793,-0.006349373143252194
1.4100000000000001,-0.5315926535897932,-0.007526167573916117
1.4100000000000001,-0.33159265358979306,-0.008317904419289047
1.4100000000000001,-0.13159265358979333,-0.008687065840649476
1.4100000000000001,0.06840734641020685,-0.008468891732075068
1.4100000000000001,0.268407346410207,-0.008046765255277479
1.4100000000000001,0.46840734641020676,-0.007527711692335077
1.4100000000000001,0.6684073464102069,-0.006536787127228178
1.4100000000000001,0.8684073464102067,0.0047689999794636485
1.4100000000000001,1.0684073464102068,-0.002302523360618387
1.4100000000000001,1.268407346410207,-0.0024926877000683847
1.4100000000000001,1.4684073464102072,-0.0008819890524543869
1.4100000000000001,1.6684073464102074,0.0008409553671680568
1.4100000000000001,1.8684073464102067,0.0024359278954962527
1.4100000000000001,2.068407346410207,"0.004397370136408025 + 581.8099997858999*NIntegrate[Re[Activate[overlapIntegrand[{{2, 2, 2, 0, 1, 2, 0, 1, 2}[[1]], {2, 2, 2, 0, 1, 2, 0, 1, 2}[[2]], {2, 2, 2, 0, 1, 2, 0, 1, 2}[[3]]}, {{2, 2, 2, 0, 1, 2, 0, 1, 2}[[4]], {2, 2, 2, 0, 1, 2, 0, 1, 2}[[5]], {2, 2, 2, 0, 1, 2, 0, 1, 2}[[6]]}, {{2, 2, 2, 0, 1, 2, 0, 1, 2}[[7]], {2, 2, 2, 0, 1, 2, 0, 1, 2}[[8]], {2, 2, 2, 0, 1, 2, 0, 1, 2}[[9]]}, 0.2, {""C0"", ""D0"", 0., 0., ""C2"", ""D2""} /. Quiet[StringJoin[""m"", ToString[{2, 2, 2, 0, 1, 2, 0, 1, 2}[[1]]], ""n"", ToString[{2, 2, 2, 0, 1, 2, 0, 1, 2}[[2]]], ""l"", ToString[{2, 2, 2, 0, 1, 2, 0, 1, 2}[[3]]]] /. MODES[[1]]], 1., 0, 0, 1, 1, -0.0033 + 5.*SphericalBesselJZero[1, 2], 0.0033 + 5.*SphericalBesselJZero[1, 2], -0.0033 + 5.*SphericalBesselJZero[1, 2], 0.0033 + 5.*SphericalBesselJZero[1, 2], θ, ϕ, {0., 1.4100000000000001, 2.068407346410207, 0., -0.7853981633974483, 0., 0., -0.7853981633974483, 0.}, 1]]], {θ, 0., Pi}, {ϕ, -Pi, Pi}, Method -> ""LevinRule"", PrecisionGoal -> 0]"
1.4100000000000001,2.268407346410207,-0.0010659620150890309
1.4100000000000001,2.468407346410207,0.006628098658310145
1.4100000000000001,2.6684073464102074,0.007923048241125287
1.4100000000000001,2.8684073464102067,0.008212556080747153
1.4100000000000001,3.068407346410207,0.00862898455248147
1.61,-3.1315926535897933,-0.002112620534520847
1.61,-2.931592653589793,-0.002018605581995991
1.61,-2.7315926535897934,-0.0020610567690651
1.61,-2.5315926535897932,-0.0018928373233809762
1.61,-2.3315926535897935,-0.0027156007002246624
1.61,-2.1315926535897933,"0.0029212931898489995 + 597.4375833973139*NIntegrate[Re[Activate[overlapIntegrand[{{2, 2, 2, 0, 1, 2, 0, 1, 2}[[1]], {2, 2, 2, 0, 1, 2, 0, 1, 2}[[2]], {2, 2, 2, 0, 1, 2, 0, 1, 2}[[3]]}, {{2, 2, 2, 0, 1, 2, 0, 1, 2}[[4]], {2, 2, 2, 0, 1, 2, 0, 1, 2}[[5]], {2, 2, 2, 0, 1, 2, 0, 1, 2}[[6]]}, {{2, 2, 2, 0, 1, 2, 0, 1, 2}[[7]], {2, 2, 2, 0, 1, 2, 0, 1, 2}[[8]], {2, 2, 2, 0, 1, 2, 0, 1, 2}[[9]]}, 0.2, {""C0"", ""D0"", 0., 0., ""C2"", ""D2""} /. Quiet[StringJoin[""m"", ToString[{2, 2, 2, 0, 1, 2, 0, 1, 2}[[1]]], ""n"", ToString[{2, 2, 2, 0, 1, 2, 0, 1, 2}[[2]]], ""l"", ToString[{2, 2, 2, 0, 1, 2, 0, 1, 2}[[3]]]] /. MODES[[1]]], 1., 0, 0, 1, 1, -0.0033 + 5.*SphericalBesselJZero[1, 2], 0.0033 + 5.*SphericalBesselJZero[1, 2], -0.0033 + 5.*SphericalBesselJZero[1, 2], 0.0033 + 5.*SphericalBesselJZero[1, 2], θ, ϕ, {0., 1.61, -2.1315926535897933, 0., -0.7853981633974483, 0., 0., -0.7853981633974483, 0.}, 1]]], {θ, 0., Pi}, {ϕ, -Pi, Pi}, Method -> ""LevinRule"", PrecisionGoal -> 0]"
1.61,-1.9315926535897932,"0.0008296929374423456 + 589.6529566127313*NIntegrate[Re[Activate[overlapIntegrand[{{2, 2, 2, 0, 1, 2, 0, 1, 2}[[1]], {2, 2, 2, 0, 1, 2, 0, 1, 2}[[2]], {2, 2, 2, 0, 1, 2, 0, 1, 2}[[3]]}, {{2, 2, 2, 0, 1, 2, 0, 1, 2}[[4]], {2, 2, 2, 0, 1, 2, 0, 1, 2}[[5]], {2, 2, 2, 0, 1, 2, 0, 1, 2}[[6]]}, {{2, 2, 2, 0, 1, 2, 0, 1, 2}[[7]], {2, 2, 2, 0, 1, 2, 0, 1, 2}[[8]], {2, 2, 2, 0, 1, 2, 0, 1, 2}[[9]]}, 0.2, {""C0"", ""D0"", 0., 0., ""C2"", ""D2""} /. Quiet[StringJoin[""m"", ToString[{2, 2, 2, 0, 1, 2, 0, 1, 2}[[1]]], ""n"", ToString[{2, 2, 2, 0, 1, 2, 0, 1, 2}[[2]]], ""l"", ToString[{2, 2, 2, 0, 1, 2, 0, 1, 2}[[3]]]] /. MODES[[1]]], 1., 0, 0, 1, 1, -0.0033 + 5.*SphericalBesselJZero[1, 2], 0.0033 + 5.*SphericalBesselJZero[1, 2], -0.0033 + 5.*SphericalBesselJZero[1, 2], 0.0033 + 5.*SphericalBesselJZero[1, 2], θ, ϕ, {0., 1.61, -1.9315926535897932, 0., -0.7853981633974483, 0., 0., -0.7853981633974483, 0.}, 1]]], {θ, 0., Pi}, {ϕ, -Pi, Pi}, Method -> ""LevinRule"", PrecisionGoal -> 0]"
1.61,-1.7315926535897932,-0.00033627737101467255
1.61,-1.5315926535897932,0.00008226679661173574
1.61,-1.3315926535897933,0.00024517886922086887
1.61,-1.1315926535897933,"0.0024425424806566254 + 567.2314830039205*NIntegrate[Re[Activate[overlapIntegrand[{{2, 2, 2, 0, 1, 2, 0, 1, 2}[[1]], {2, 2, 2, 0, 1, 2, 0, 1, 2}[[2]], {2, 2, 2, 0, 1, 2, 0, 1, 2}[[3]]}, {{2, 2, 2, 0, 1, 2, 0, 1, 2}[[4]], {2, 2, 2, 0, 1, 2, 0, 1, 2}[[5]], {2, 2, 2, 0, 1, 2, 0, 1, 2}[[6]]}, {{2, 2, 2, 0, 1, 2, 0, 1, 2}[[7]], {2, 2, 2, 0, 1, 2, 0, 1, 2}[[8]], {2, 2, 2, 0, 1, 2, 0, 1, 2}[[9]]}, 0.2, {""C0"", ""D0"", 0., 0., ""C2"", ""D2""} /. Quiet[StringJoin[""m"", ToString[{2, 2, 2, 0, 1, 2, 0, 1, 2}[[1]]], ""n"", ToString[{2, 2, 2, 0, 1, 2, 0, 1, 2}[[2]]], ""l"", ToString[{2, 2, 2, 0, 1, 2, 0, 1, 2}[[3]]]] /. MODES[[1]]], 1., 0, 0, 1, 1, -0.0033 + 5.*SphericalBesselJZero[1, 2], 0.0033 + 5.*SphericalBesselJZero[1, 2], -0.0033 + 5.*SphericalBesselJZero[1, 2], 0.0033 + 5.*SphericalBesselJZero[1, 2], θ, ϕ, {0., 1.61, -1.1315926535897933, 0., -0.7853981633974483, 0., 0., -0.7853981633974483, 0.}, 1]]], {θ, 0., Pi}, {ϕ, -Pi, Pi}, Method -> ""LevinRule"", PrecisionGoal -> 0]"
1.61,-0.9315926535897932,0.0017173047382420554
1.61,-0.731592653589793,0.001479939499824139
1.61,-0.5315926535897932,0.0018069925099165347
1.61,-0.33159265358979306,0.0017687498989457009
1.61,-0.13159265358979333,0.001536450415432709
1.61,0.06840734641020685,0.0022766978940234814
1.61,0.268407346410207,0.002240259766241138
1.61,0.46840734641020676,0.0017904424304652933
1.61,0.6684073464102069,0.0015632896881238954
1.61,0.8684073464102067,0.002105163155803629
1.61,1.0684073464102068,"0.0031528852238468757 + 597.0759555630357*NIntegrate[Re[Activate[overlapIntegrand[{{2, 2, 2, 0, 1, 2, 0, 1, 2}[[1]], {2, 2, 2, 0, 1, 2, 0, 1, 2}[[2]], {2, 2, 2, 0, 1, 2, 0, 1, 2}[[3]]}, {{2, 2, 2, 0, 1, 2, 0, 1, 2}[[4]], {2, 2, 2, 0, 1, 2, 0, 1, 2}[[5]], {2, 2, 2, 0, 1, 2, 0, 1, 2}[[6]]}, {{2, 2, 2, 0, 1, 2, 0, 1, 2}[[7]], {2, 2, 2, 0, 1, 2, 0, 1, 2}[[8]], {2, 2, 2, 0, 1, 2, 0, 1, 2}[[9]]}, 0.2, {""C0"", ""D0"", 0., 0., ""C2"", ""D2""} /. Quiet[StringJoin[""m"", ToString[{2, 2, 2, 0, 1, 2, 0, 1, 2}[[1]]], ""n"", ToString[{2, 2, 2, 0, 1, 2, 0, 1, 2}[[2]]], ""l"", ToString[{2, 2, 2, 0, 1, 2, 0, 1, 2}[[3]]]] /. MODES[[1]]], 1., 0, 0, 1, 1, -0.0033 + 5.*SphericalBesselJZero[1, 2], 0.0033 + 5.*SphericalBesselJZero[1, 2], -0.0033 + 5.*SphericalBesselJZero[1, 2], 0.0033 + 5.*SphericalBesselJZero[1, 2], θ, ϕ, {0., 1.61, 1.0684073464102068, 0., -0.7853981633974483, 0., 0., -0.7853981633974483, 0.}, 1]]], {θ, 0., Pi}, {ϕ, -Pi, Pi}, Method -> ""LevinRule"", PrecisionGoal -> 0]"
1.61,1.268407346410207,0.0004152603265767461
1.61,1.4684073464102072,0.00020934031015197788
1.61,1.6684073464102074,-0.00019826072064524518
1.61,1.8684073464102067,-0.00039019058050632476
1.61,2.068407346410207,0.00016975326694329074
1.61,2.268407346410207,0.0003005885717871854
1.61,2.468407346410207,-0.001735131951018749
1.61,2.6684073464102074,-0.00203257888930123
1.61,2.8684073464102067,-0.00214758837505726
1.61,3.068407346410207,-0.0020427793427902838
1.81,-3.1315926535897933,-0.012844673052156187
1.81,-2.931592653589793,-0.012103741733231196
1.81,-2.7315926535897934,-0.011108610157884061
1.81,-2.5315926535897932,-0.010275119944913933
1.81,-2.3315926535897935,-0.008513711821922416
1.81,-2.1315926535897933,-0.0034546491241063
1.81,-1.9315926535897932,-0.004408027397573499
1.81,-1.7315926535897932,-0.0028086688822759245
1.81,-1.5315926535897932,0.0004999543129541158
1.81,-1.3315926535897933,0.0031649682730372913
1.81,-1.1315926535897933,"0.0038554446479588094 + 593.3095146578659*NIntegrate[Re[Activate[overlapIntegrand[{{2, 2, 2, 0, 1, 2, 0, 1, 2}[[1]], {2, 2, 2, 0, 1, 2, 0, 1, 2}[[2]], {2, 2, 2, 0, 1, 2, 0, 1, 2}[[3]]}, {{2, 2, 2, 0, 1, 2, 0, 1, 2}[[4]], {2, 2, 2, 0, 1, 2, 0, 1, 2}[[5]], {2, 2, 2, 0, 1, 2, 0, 1, 2}[[6]]}, {{2, 2, 2, 0, 1, 2, 0, 1, 2}[[7]], {2, 2, 2, 0, 1, 2, 0, 1, 2}[[8]], {2, 2, 2, 0, 1, 2, 0, 1, 2}[[9]]}, 0.2, {""C0"", ""D0"", 0., 0., ""C2"", ""D2""} /. Quiet[StringJoin[""m"", ToString[{2, 2, 2, 0, 1, 2, 0, 1, 2}[[1]]], ""n"", ToString[{2, 2, 2, 0, 1, 2, 0, 1, 2}[[2]]], ""l"", ToString[{2, 2, 2, 0, 1, 2, 0, 1, 2}[[3]]]] /. MODES[[1]]], 1., 0, 0, 1, 1, -0.0033 + 5.*SphericalBesselJZero[1, 2], 0.0033 + 5.*SphericalBesselJZero[1, 2], -0.0033 + 5.*SphericalBesselJZero[1, 2], 0.0033 + 5.*SphericalBesselJZero[1, 2], θ, ϕ, {0., 1.81, -1.1315926535897933, 0., -0.7853981633974483, 0., 0., -0.7853981633974483, 0.}, 1]]], {θ, 0., Pi}, {ϕ, -Pi, Pi}, Method -> ""LevinRule"", PrecisionGoal -> 0]"
1.81,-0.9315926535897932,0.013729623538978771
1.81,-0.731592653589793,0.009256083142755176
1.81,-0.5315926535897932,0.010693518054851695
1.81,-0.33159265358979306,0.011371581812482025
1.81,-0.13159265358979333,0.012388142087372237
1.81,0.06840734641020685,0.01276522380421457
1.81,0.268407346410207,0.012532127137507761
1.81,0.46840734641020676,0.010892302988288513
1.81,0.6684073464102069,0.01006972244164961
1.81,0.8684073464102067,0.00233000059010778
1.81,1.0684073464102068,"0.0049971829094264016 + 597.6076034895599*NIntegrate[Re[Activate[overlapIntegrand[{{2, 2, 2, 0, 1, 2, 0, 1, 2}[[1]], {2, 2, 2, 0, 1, 2, 0, 1, 2}[[2]], {2, 2, 2, 0, 1, 2, 0, 1, 2}[[3]]}, {{2, 2, 2, 0, 1, 2, 0, 1, 2}[[4]], {2, 2, 2, 0, 1, 2, 0, 1, 2}[[5]], {2, 2, 2, 0, 1, 2, 0, 1, 2}[[6]]}, {{2, 2, 2, 0, 1, 2, 0, 1, 2}[[7]], {2, 2, 2, 0, 1, 2, 0, 1, 2}[[8]], {2, 2, 2, 0, 1, 2, 0, 1, 2}[[9]]}, 0.2, {""C0"", ""D0"", 0., 0., ""C2"", ""D2""} /. Quiet[StringJoin[""m"", ToString[{2, 2, 2, 0, 1, 2, 0, 1, 2}[[1]]], ""n"", ToString[{2, 2, 2, 0, 1, 2, 0, 1, 2}[[2]]], ""l"", ToString[{2, 2, 2, 0, 1, 2, 0, 1, 2}[[3]]]] /. MODES[[1]]], 1., 0, 0, 1, 1, -0.0033 + 5.*SphericalBesselJZero[1, 2], 0.0033 + 5.*SphericalBesselJZero[1, 2], -0.0033 + 5.*SphericalBesselJZero[1, 2], 0.0033 + 5.*SphericalBesselJZero[1, 2], θ, ϕ, {0., 1.81, 1.0684073464102068, 0., -0.7853981633974483, 0., 0., -0.7853981633974483, 0.}, 1]]], {θ, 0., Pi}, {ϕ, -Pi, Pi}, Method -> ""LevinRule"", PrecisionGoal -> 0]"
1.81,1.268407346410207,0.0038769256126304093
1.81,1.4684073464102072,0.001276219442810673
1.81,1.6684073464102074,-0.0012155939928117825
1.81,1.8684073464102067,-0.003770378889181087
1.81,2.068407346410207,-0.0038155290794504772
1.81,2.268407346410207,0.0017679395832595418
1.81,2.468407346410207,-0.0097804991157453
1.81,2.6684073464102074,-0.010853024282585253
1.81,2.8684073464102067,-0.012079224989343267
1.81,3.068407346410207,-0.01230541240809499
2.01,-3.1315926535897933,-0.020730751864148737
2.01,-2.931592653589793,-0.020906512917200977
2.01,-2.7315926535897934,-0.019369854090385386
2.01,-2.5315926535897932,-0.0171852885999467
2.01,-2.3315926535897935,-0.014222662375445796
2.01,-2.1315926535897933,-0.010910860893108373
2.01,-1.9315926535897932,-0.007169810575183588
2.01,-1.7315926535897932,-0.00326643610162161
2.01,-1.5315926535897932,0.0007759963110378011
2.01,-1.3315926535897933,0.004864429634706111
2.01,-1.1315926535897933,0.005982361699152679
2.01,-0.9315926535897932,0.01748878101205062
2.01,-0.731592653589793,"0.014166535303273704 + 586.251734526138*NIntegrate[Re[Activate[overlapIntegrand[{{2, 2, 2, 0, 1, 2, 0, 1, 2}[[1]], {2, 2, 2, 0, 1, 2, 0, 1, 2}[[2]], {2, 2, 2, 0, 1, 2, 0, 1, 2}[[3]]}, {{2, 2, 2, 0, 1, 2, 0, 1, 2}[[4]], {2, 2, 2, 0, 1, 2, 0, 1, 2}[[5]], {2, 2, 2, 0, 1, 2, 0, 1, 2}[[6]]}, {{2, 2, 2, 0, 1, 2, 0, 1, 2}[[7]], {2, 2, 2, 0, 1, 2, 0, 1, 2}[[8]], {2, 2, 2, 0, 1, 2, 0, 1, 2}[[9]]}, 0.2, {""C0"", ""D0"", 0., 0., ""C2"", ""D2""} /. Quiet[StringJoin[""m"", ToString[{2, 2, 2, 0, 1, 2, 0, 1, 2}[[1]]], ""n"", ToString[{2, 2, 2, 0, 1, 2, 0, 1, 2}[[2]]], ""l"", ToString[{2, 2, 2, 0, 1, 2, 0, 1, 2}[[3]]]] /. MODES[[1]]], 1., 0, 0, 1, 1, -0.0033 + 5.*SphericalBesselJZero[1, 2], 0.0033 + 5.*SphericalBesselJZero[1, 2], -0.0033 + 5.*SphericalBesselJZero[1, 2], 0.0033 + 5.*SphericalBesselJZero[1, 2], θ, ϕ, {0., 2.01, -0.731592653589793, 0., -0.7853981633974483, 0., 0., -0.7853981633974483, 0.}, 1]]], {θ, 0., Pi}, {ϕ, -Pi, Pi}, Method -> ""LevinRule"", PrecisionGoal -> 0]"
2.01,-0.5315926535897932,0.018153644069727252
2.01,-0.33159265358979306,0.02004703629643231
2.01,-0.13159265358979333,0.020753624609787566
2.01,0.06840734641020685,0.021457594265426014
2.01,0.268407346410207,0.01976189642465303
2.01,0.46840734641020676,0.019256781560417144
2.01,0.6684073464102069,0.016516270263691235
2.01,0.8684073464102067,"0.010600241045521493 + 589.0156339562094*NIntegrate[Re[Activate[overlapIntegrand[{{2, 2, 2, 0, 1, 2, 0, 1, 2}[[1]], {2, 2, 2, 0, 1, 2, 0, 1, 2}[[2]], {2, 2, 2, 0, 1, 2, 0, 1, 2}[[3]]}, {{2, 2, 2, 0, 1, 2, 0, 1, 2}[[4]], {2, 2, 2, 0, 1, 2, 0, 1, 2}[[5]], {2, 2, 2, 0, 1, 2, 0, 1, 2}[[6]]}, {{2, 2, 2, 0, 1, 2, 0, 1, 2}[[7]], {2, 2, 2, 0, 1, 2, 0, 1, 2}[[8]], {2, 2, 2, 0, 1, 2, 0, 1, 2}[[9]]}, 0.2, {""C0"", ""D0"", 0., 0., ""C2"", ""D2""} /. Quiet[StringJoin[""m"", ToString[{2, 2, 2, 0, 1, 2, 0, 1, 2}[[1]]], ""n"", ToString[{2, 2, 2, 0, 1, 2, 0, 1, 2}[[2]]], ""l"", ToString[{2, 2, 2, 0, 1, 2, 0, 1, 2}[[3]]]] /. MODES[[1]]], 1., 0, 0, 1, 1, -0.0033 + 5.*SphericalBesselJZero[1, 2], 0.0033 + 5.*SphericalBesselJZero[1, 2], -0.0033 + 5.*SphericalBesselJZero[1, 2], 0.0033 + 5.*SphericalBesselJZero[1, 2], θ, ϕ, {0., 2.01, 0.8684073464102067, 0., -0.7853981633974483, 0., 0., -0.7853981633974483, 0.}, 1]]], {θ, 0., Pi}, {ϕ, -Pi, Pi}, Method -> ""LevinRule"", PrecisionGoal -> 0]"
2.01,1.0684073464102068,"0.00420185714570461 + 587.0207492246263*NIntegrate[Re[Activate[overlapIntegrand[{{2, 2, 2, 0, 1, 2, 0, 1, 2}[[1]], {2, 2, 2, 0, 1, 2, 0, 1, 2}[[2]], {2, 2, 2, 0, 1, 2, 0, 1, 2}[[3]]}, {{2, 2, 2, 0, 1, 2, 0, 1, 2}[[4]], {2, 2, 2, 0, 1, 2, 0, 1, 2}[[5]], {2, 2, 2, 0, 1, 2, 0, 1, 2}[[6]]}, {{2, 2, 2, 0, 1, 2, 0, 1, 2}[[7]], {2, 2, 2, 0, 1, 2, 0, 1, 2}[[8]], {2, 2, 2, 0, 1, 2, 0, 1, 2}[[9]]}, 0.2, {""C0"", ""D0"", 0., 0., ""C2"", ""D2""} /. Quiet[StringJoin[""m"", ToString[{2, 2, 2, 0, 1, 2, 0, 1, 2}[[1]]], ""n"", ToString[{2, 2, 2, 0, 1, 2, 0, 1, 2}[[2]]], ""l"", ToString[{2, 2, 2, 0, 1, 2, 0, 1, 2}[[3]]]] /. MODES[[1]]], 1., 0, 0, 1, 1, -0.0033 + 5.*SphericalBesselJZero[1, 2], 0.0033 + 5.*SphericalBesselJZero[1, 2], -0.0033 + 5.*SphericalBesselJZero[1, 2], 0.0033 + 5.*SphericalBesselJZero[1, 2], θ, ϕ, {0., 2.01, 1.0684073464102068, 0., -0.7853981633974483, 0., 0., -0.7853981633974483, 0.}, 1]]], {θ, 0., Pi}, {ϕ, -Pi, Pi}, Method -> ""LevinRule"", PrecisionGoal -> 0]"
2.01,1.268407346410207,0.0069474517130866656
2.01,1.4684073464102072,0.002094582598375235
2.01,1.6684073464102074,-0.001991097061381627
2.01,1.8684073464102067,-0.006816451465876044
2.01,2.068407346410207,-0.008363089927975558
2.01,2.268407346410207,-0.008066958153405333
2.01,2.468407346410207,-0.016370996868930485
2.01,2.6684073464102074,-0.018571802898125118
2.01,2.8684073464102067,-0.02020392145695259
2.01,3.068407346410207,-0.021182590935859273
2.21,-3.1315926535897933,-0.026957792592734182
2.21,-2.931592653589793,-0.026074750277513097
2.21,-2.7315926535897934,-0.023726251403749597
2.21,-2.5315926535897932,-0.021074157212802678
2.21,-2.3315926535897935,-0.017540503034397092
2.21,-2.1315926535897933,-0.010616678554132938
2.21,-1.9315926535897932,-0.0089992982341662
2.21,-1.7315926535897932,-0.004590077384194018
2.21,-1.5315926535897932,0.0010356835676493103
2.21,-1.3315926535897933,0.005998166475355386
2.21,-1.1315926535897933,0.010937425208430517
2.21,-0.9315926535897932,0.016802880159976094
2.21,-0.731592653589793,"0.014878958666236782 + 584.1468517144257*NIntegrate[Re[Activate[overlapIntegrand[{{2, 2, 2, 0, 1, 2, 0, 1, 2}[[1]], {2, 2, 2, 0, 1, 2, 0, 1, 2}[[2]], {2, 2, 2, 0, 1, 2, 0, 1, 2}[[3]]}, {{2, 2, 2, 0, 1, 2, 0, 1, 2}[[4]], {2, 2, 2, 0, 1, 2, 0, 1, 2}[[5]], {2, 2, 2, 0, 1, 2, 0, 1, 2}[[6]]}, {{2, 2, 2, 0, 1, 2, 0, 1, 2}[[7]], {2, 2, 2, 0, 1, 2, 0, 1, 2}[[8]], {2, 2, 2, 0, 1, 2, 0, 1, 2}[[9]]}, 0.2, {""C0"", ""D0"", 0., 0., ""C2"", ""D2""} /. Quiet[StringJoin[""m"", ToString[{2, 2, 2, 0, 1, 2, 0, 1, 2}[[1]]], ""n"", ToString[{2, 2, 2, 0, 1, 2, 0, 1, 2}[[2]]], ""l"", ToString[{2, 2, 2, 0, 1, 2, 0, 1, 2}[[3]]]] /. MODES[[1]]], 1., 0, 0, 1, 1, -0.0033 + 5.*SphericalBesselJZero[1, 2], 0.0033 + 5.*SphericalBesselJZero[1, 2], -0.0033 + 5.*SphericalBesselJZero[1, 2], 0.0033 + 5.*SphericalBesselJZero[1, 2], θ, ϕ, {0., 2.21, -0.731592653589793, 0., -0.7853981633974483, 0., 0., -0.7853981633974483, 0.}, 1]]], {θ, 0., Pi}, {ϕ, -Pi, Pi}, Method -> ""LevinRule"", PrecisionGoal -> 0]"
2.21,-0.5315926535897932,0.021909778765660054
2.21,-0.33159265358979306,0.024780210415493335
2.21,-0.13159265358979333,0.026721369966344288
2.21,0.06840734641020685,0.026688243681949463
2.21,0.268407346410207,0.025007419167717447
2.21,0.46840734641020676,0.022951421622928028
2.21,0.6684073464102069,0.019994309597674086
2.21,0.8684073464102067,"0.0110011345692507 + 587.2528029469411*NIntegrate[Re[Activate[overlapIntegrand[{{2, 2, 2, 0, 1, 2, 0, 1, 2}[[1]], {2, 2, 2, 0, 1, 2, 0, 1, 2}[[2]], {2, 2, 2, 0, 1, 2, 0, 1, 2}[[3]]}, {{2, 2, 2, 0, 1, 2, 0, 1, 2}[[4]], {2, 2, 2, 0, 1, 2, 0, 1, 2}[[5]], {2, 2, 2, 0, 1, 2, 0, 1, 2}[[6]]}, {{2, 2, 2, 0, 1, 2, 0, 1, 2}[[7]], {2, 2, 2, 0, 1, 2, 0, 1, 2}[[8]], {2, 2, 2, 0, 1, 2, 0, 1, 2}[[9]]}, 0.2, {""C0"", ""D0"", 0., 0., ""C2"", ""D2""} /. Quiet[StringJoin[""m"", ToString[{2, 2, 2, 0, 1, 2, 0, 1, 2}[[1]]], ""n"", ToString[{2, 2, 2, 0, 1, 2, 0, 1, 2}[[2]]], ""l"", ToString[{2, 2, 2, 0, 1, 2, 0, 1, 2}[[3]]]] /. MODES[[1]]], 1., 0, 0, 1, 1, -0.0033 + 5.*SphericalBesselJZero[1, 2], 0.0033 + 5.*SphericalBesselJZero[1, 2], -0.0033 + 5.*SphericalBesselJZero[1, 2], 0.0033 + 5.*SphericalBesselJZero[1, 2], θ, ϕ, {0., 2.21, 0.8684073464102067, 0., -0.7853981633974483, 0., 0., -0.7853981633974483, 0.}, 1]]], {θ, 0., Pi}, {ϕ, -Pi, Pi}, Method -> ""LevinRule"", PrecisionGoal -> 0]"
2.21,1.0684073464102068,0.012274507980850205
2.21,1.268407346410207,0.0077152934444874996
2.21,1.4684073464102072,0.003305147148249126
2.21,1.6684073464102074,-0.003094876705753034
2.21,1.8684073464102067,-0.00775761590748837
2.21,2.068407346410207,-0.012103827730307933
2.21,2.268407346410207,-0.02270306762593937
2.21,2.468407346410207,-0.02011815256654192
2.21,2.6684073464102074,-0.02369415494875686
2.21,2.8684073464102067,-0.02620663277225906
2.21,3.068407346410207,-0.02629770843956112
2.41,-3.1315926535897933,-0.02823172531048744
2.41,-2.931592653589793,-0.027400798351344208
2.41,-2.7315926535897934,-0.02509418859439681
2.41,-2.5315926535897932,-0.022006912949912524
2.41,-2.3315926535897935,-0.018188459150192543
2.41,-2.1315926535897933,-0.013840791541484194
2.41,-1.9315926535897932,-0.009623788589391823
2.41,-1.7315926535897932,-0.004060662248833938
2.41,-1.5315926535897932,0.0010171971722367857
2.41,-1.3315926535897933,0.006303517364564734
2.41,-1.1315926535897933,0.011346124188959585
2.41,-0.9315926535897932,0.009953898561813175
2.41,-0.731592653589793,"0.013968730219028998 + 576.8166142358447*NIntegrate[Re[Activate[overlapIntegrand[{{2, 2, 2, 0, 1, 2, 0, 1, 2}[[1]], {2, 2, 2, 0, 1, 2, 0, 1, 2}[[2]], {2, 2, 2, 0, 1, 2, 0, 1, 2}[[3]]}, {{2, 2, 2, 0, 1, 2, 0, 1, 2}[[4]], {2, 2, 2, 0, 1, 2, 0, 1, 2}[[5]], {2, 2, 2, 0, 1, 2, 0, 1, 2}[[6]]}, {{2, 2, 2, 0, 1, 2, 0, 1, 2}[[7]], {2, 2, 2, 0, 1, 2, 0, 1, 2}[[8]], {2, 2, 2, 0, 1, 2, 0, 1, 2}[[9]]}, 0.2, {""C0"", ""D0"", 0., 0., ""C2"", ""D2""} /. Quiet[StringJoin[""m"", ToString[{2, 2, 2, 0, 1, 2, 0, 1, 2}[[1]]], ""n"", ToString[{2, 2, 2, 0, 1, 2, 0, 1, 2}[[2]]], ""l"", ToString[{2, 2, 2, 0, 1, 2, 0, 1, 2}[[3]]]] /. MODES[[1]]], 1., 0, 0, 1, 1, -0.0033 + 5.*SphericalBesselJZero[1, 2], 0.0033 + 5.*SphericalBesselJZero[1, 2], -0.0033 + 5.*SphericalBesselJZero[1, 2], 0.0033 + 5.*SphericalBesselJZero[1, 2], θ, ϕ, {0., 2.41, -0.731592653589793, 0., -0.7853981633974483, 0., 0., -0.7853981633974483, 0.}, 1]]], {θ, 0., Pi}, {ϕ, -Pi, Pi}, Method -> ""LevinRule"", PrecisionGoal -> 0]"
2.41,-0.5315926535897932,0.022957640689229373
2.41,-0.33159265358979306,0.02577831418005744
2.41,-0.13159265358979333,0.02791544992341381
2.41,0.06840734641020685,0.027141431159017602
2.41,0.268407346410207,0.026095368990208728
2.41,0.46840734641020676,0.023805965395166544
2.41,0.6684073464102069,0.020620377816648515
2.41,0.8684073464102067,"0.014229597318685639 + 586.3649534012342*NIntegrate[Re[Activate[overlapIntegrand[{{2, 2, 2, 0, 1, 2, 0, 1, 2}[[1]], {2, 2, 2, 0, 1, 2, 0, 1, 2}[[2]], {2, 2, 2, 0, 1, 2, 0, 1, 2}[[3]]}, {{2, 2, 2, 0, 1, 2, 0, 1, 2}[[4]], {2, 2, 2, 0, 1, 2, 0, 1, 2}[[5]], {2, 2, 2, 0, 1, 2, 0, 1, 2}[[6]]}, {{2, 2, 2, 0, 1, 2, 0, 1, 2}[[7]], {2, 2, 2, 0, 1, 2, 0, 1, 2}[[8]], {2, 2, 2, 0, 1, 2, 0, 1, 2}[[9]]}, 0.2, {""C0"", ""D0"", 0., 0., ""C2"", ""D2""} /. Quiet[StringJoin[""m"", ToString[{2, 2, 2, 0, 1, 2, 0, 1, 2}[[1]]], ""n"", ToString[{2, 2, 2, 0, 1, 2, 0, 1, 2}[[2]]], ""l"", ToString[{2, 2, 2, 0, 1, 2, 0, 1, 2}[[3]]]] /. MODES[[1]]], 1., 0, 0, 1, 1, -0.0033 + 5.*SphericalBesselJZero[1, 2], 0.0033 + 5.*SphericalBesselJZero[1, 2], -0.0033 + 5.*SphericalBesselJZero[1, 2], 0.0033 + 5.*SphericalBesselJZero[1, 2], θ, ϕ, {0., 2.41, 0.8684073464102067, 0., -0.7853981633974483, 0., 0., -0.7853981633974483, 0.}, 1]]], {θ, 0., Pi}, {ϕ, -Pi, Pi}, Method -> ""LevinRule"", PrecisionGoal -> 0]"
2.41,1.0684073464102068,0.013040301004794412
2.41,1.268407346410207,0.008211152400863762
2.41,1.4684073464102072,0.002843231806265098
2.41,1.6684073464102074,-0.0030037433733770096
2.41,1.8684073464102067,-0.008264847703079763
2.41,2.068407346410207,-0.01278080639480413
2.41,2.268407346410207,-0.019971569358613675
2.41,2.468407346410207,-0.02095796830168676
2.41,2.6684073464102074,-0.02456587340591589
2.41,2.8684073464102067,-0.026027392017545257
2.41,3.068407346410207,-0.02784411096717773
2.61,-3.1315926535897933,-0.024875512647370528
2.61,-2.931592653589793,-0.023395851096987885
2.61,-2.7315926535897934,-0.022386522359862753
2.61,-2.5315926535897932,-0.019324525206212924
2.61,-2.3315926535897935,-0.011791378301623887
2.61,-2.1315926535897933,-0.01221445626563459
2.61,-1.9315926535897932,-0.008845807239854238
2.61,-1.7315926535897932,-0.003873890039505434
2.61,-1.5315926535897932,0.0010182486742102842
2.61,-1.3315926535897933,0.006570323549880429
2.61,-1.1315926535897933,0.0100165365121795
2.61,-0.9315926535897932,0.01335127720307425
2.61,-0.731592653589793,0.017194825180536298
2.61,-0.5315926535897932,0.020815238749806963
2.61,-0.33159265358979306,0.023311087939626614
2.61,-0.13159265358979333,0.024116599635339703
2.61,0.06840734641020685,0.023736673412368608
2.61,0.268407346410207,0.023403299423969254
2.61,0.46840734641020676,0.021354902426917583
2.61,0.6684073464102069,0.018238402572659285
2.61,0.8684073464102067,0.01271174777325737
2.61,1.0684073464102068,0.011401427934452677
2.61,1.268407346410207,0.007764818471649091
2.61,1.4684073464102072,0.002527026024534057
2.61,1.6684073464102074,-0.002612477622630942
2.61,1.8684073464102067,-0.007482150151483662
2.61,2.068407346410207,-0.011209473643235927
2.61,2.268407346410207,-0.015822584994525418
2.61,2.468407346410207,-0.018246325685137062
2.61,2.6684073464102074,-0.021538083550956703
2.61,2.8684073464102067,-0.023178746144896293
2.61,3.068407346410207,-0.024820892655085802
2.81,-3.1315926535897933,-0.015161608437450338
2.81,-2.931592653589793,-0.01712820813504
2.81,-2.7315926535897934,-0.014565257255654674
2.81,-2.5315926535897932,-0.014094020446945656
2.81,-2.3315926535897935,-0.013123739814072043
2.81,-2.1315926535897933,-0.008660680602694102
2.81,-1.9315926535897932,-0.006528786700487246
2.81,-1.7315926535897932,-0.0037095446883786583
2.81,-1.5315926535897932,0.0002105512477291755
2.81,-1.3315926535897933,0.004913059258019594
2.81,-1.1315926535897933,0.007495286248251398
2.81,-0.9315926535897932,0.009742382841500453
2.81,-0.731592653589793,0.01205826867289395
2.81,-0.5315926535897932,0.013658668744602871
2.81,-0.33159265358979306,0.01584502783358849
2.81,-0.13159265358979333,0.016634849816038223
2.81,0.06840734641020685,0.016256010976576536
2.81,0.268407346410207,0.016070453433390242
2.81,0.46840734641020676,0.013835348363082409
2.81,0.6684073464102069,0.01289610714907951
2.81,0.8684073464102067,0.01017388871891357
2.81,1.0684073464102068,0.0077891929277347305
2.81,1.268407346410207,0.005505299185812652
2.81,1.4684073464102072,0.0019431198874074566
2.81,1.6684073464102074,-0.0015690159896839424
2.81,1.8684073464102067,-0.00550085097994488
2.81,2.068407346410207,-0.007806482799186652
2.81,2.268407346410207,-0.010208760961010404
2.81,2.468407346410207,-0.013004642238422015
2.81,2.6684073464102074,-0.014081995113332184
2.81,2.8684073464102067,-0.016298917069932334
2.81,3.068407346410207,-0.01572538642227015
3.01,-3.1315926535897933,-0.006492593431713198
3.01,-2.931592653589793,-0.007134008434858976
3.01,-2.7315926535897934,-0.006031460486737974
3.01,-2.5315926535897932,-0.0058703977231111815
3.01,-2.3315926535897935,-0.0047774685395551904
3.01,-2.1315926535897933,-0.0036014049497548606
3.01,-1.9315926535897932,-0.0027636503494478104
3.01,-1.7315926535897932,-0.0016440858388500103
3.01,-1.5315926535897932,0.000041622849490942707
3.01,-1.3315926535897933,0.003161173571508828
3.01,-1.1315926535897933,0.002788503209704532
3.01,-0.9315926535897932,0.004134639735055669
3.01,-0.731592653589793,0.005187008791173956
3.01,-0.5315926535897932,0.005555697124852498
3.01,-0.33159265358979306,0.006356334004507981
3.01,-0.13159265358979333,0.006361449737242345
3.01,0.06840734641020685,0.0069209535110076464
3.01,0.268407346410207,0.007060534107231361
3.01,0.46840734641020676,0.005831530796863525
3.01,0.6684073464102069,0.00535703066239647
3.01,0.8684073464102067,0.0044290608747581525
3.01,1.0684073464102068,0.003275840346651312
3.01,1.268407346410207,0.0028208075094949808
3.01,1.4684073464102072,0.0007421998621040954
3.01,1.6684073464102074,-0.0006064319216425272
3.01,1.8684073464102067,-0.003029258522554836
3.01,2.068407346410207,-0.0030613950638986986
3.01,2.268407346410207,-0.004573178348725282
3.01,2.468407346410207,-0.005466152654838932
3.01,2.6684073464102074,-0.0056875988444373285
3.01,2.8684073464102067,-0.00720749490516517
3.01,3.068407346410207,-0.0063702605601451585
